EventID,渲染Pass,DrawName,索引数,实例数,三角面数,Indirect
729,MMHRenderShadowDepths(Non-Nanite),"vkCmdDrawIndexedIndirect(1) => <49338, 4>",49338,4,65784,是
1769,MobileRenderPrePass,vkCmdDrawIndexed(),109098,1,36366,
3443,MobileBasePass,vkCmdDrawIndexed(),109098,1,36366,
1789,MobileRenderPrePass,vkCmdDrawIndexed(),90273,1,30091,
3463,MobileBasePass,vkCmdDrawIndexed(),90273,1,30091,
797,ShadowDepthPass,vkCmdDrawIndexed(),88110,1,29370,
2046,Velocity,vkCmdDrawIndexed(),88110,1,29370,
2377,Mobile_PreOutline_Pass,vkCmdDrawIndexed(),88110,1,29370,
3567,MobileBasePass,vkCmdDrawIndexed(),88110,1,29370,
1794,MobileRenderPrePass,vkCmdDrawIndexed(),68199,1,22733,
3468,MobileBasePass,vkCmdDrawIndexed(),68199,1,22733,
1799,MobileRenderPrePass,vkCmdDrawIndexed(),61476,1,20492,
3473,MobileBasePass,vkCmdDrawIndexed(),61476,1,20492,
1779,MobileRenderPrePass,vkCmdDrawIndexed(),57384,1,19128,
3453,MobileBasePass,vkCmdDrawIndexed(),57384,1,19128,
1748,MobileRenderPrePass,vkCmdDrawIndexed(),50391,1,16797,
3421,MobileBasePass,vkCmdDrawIndexed(),50391,1,16797,
2067,Velocity,vkCmdDrawIndexed(),49338,1,16446,
2627,MobileBasePass,vkCmdDrawIndexed(),49338,1,16446,
1920,MobileRenderPrePass,vkCmdDrawIndexed(),6708,7,15652,
3683,MobileBasePass,vkCmdDrawIndexed(),6708,7,15652,
3553,MobileBasePass,vkCmdDrawIndexed(),16572,2,11048,
1784,MobileRenderPrePass,vkCmdDrawIndexed(),32985,1,10995,
3458,MobileBasePass,vkCmdDrawIndexed(),32985,1,10995,
1835,MobileRenderPrePass,vkCmdDrawIndexed(),6354,4,8472,
944,MobileRenderPrePass,vkCmdDrawIndexed(),1800,14,8400,
2874,MobileBasePass,vkCmdDrawIndexed(),1800,14,8400,
1347,MobileRenderPrePass,vkCmdDrawIndexed(),22590,1,7530,
3242,MobileBasePass,vkCmdDrawIndexed(),22590,1,7530,
908,MobileRenderPrePass,vkCmdDrawIndexed(),3660,6,7320,
2868,MobileBasePass,vkCmdDrawIndexed(),3660,6,7320,
1754,MobileRenderPrePass,vkCmdDrawIndexed(),20202,1,6734,
3428,MobileBasePass,vkCmdDrawIndexed(),20202,1,6734,
1932,MobileRenderPrePass,vkCmdDrawIndexed(),4215,4,5620,
3695,MobileBasePass,vkCmdDrawIndexed(),4215,4,5620,
777,ShadowDepthPass,vkCmdDrawIndexed(),16572,1,5524,
2103,Velocity,vkCmdDrawIndexed(),16572,1,5524,
2350,Mobile_PreOutline_Pass,vkCmdDrawIndexed(),16572,1,5524,
1914,MobileRenderPrePass,vkCmdDrawIndexed(),1938,8,5168,
3677,MobileBasePass,vkCmdDrawIndexed(),1938,8,5168,
1764,MobileRenderPrePass,vkCmdDrawIndexed(),14916,1,4972,
3438,MobileBasePass,vkCmdDrawIndexed(),14916,1,4972,
1426,MobileRenderPrePass,vkCmdDrawIndexed(),3699,4,4932,
3205,MobileBasePass,vkCmdDrawIndexed(),3699,4,4932,
1210,MobileRenderPrePass,vkCmdDrawIndexed(),1992,7,4648,
3193,MobileBasePass,vkCmdDrawIndexed(),1992,7,4648,
1774,MobileRenderPrePass,vkCmdDrawIndexed(),13116,1,4372,
3448,MobileBasePass,vkCmdDrawIndexed(),13116,1,4372,
956,MobileRenderPrePass,vkCmdDrawIndexed(),1302,10,4340,
2887,MobileBasePass,vkCmdDrawIndexed(),1302,10,4340,
763,ShadowDepthPass,vkCmdDrawIndexed(),12948,1,4316,
2110,Velocity,vkCmdDrawIndexed(),12948,1,4316,
2357,Mobile_PreOutline_Pass,vkCmdDrawIndexed(),12948,1,4316,
3526,MobileBasePass,vkCmdDrawIndexed(),12948,1,4316,
1938,MobileRenderPrePass,vkCmdDrawIndexed(),4278,3,4278,
3701,MobileBasePass,vkCmdDrawIndexed(),4278,3,4278,
3493,MobileBasePass,vkCmdDrawIndexed(),6354,2,4236,
3519,MobileBasePass,vkCmdDrawIndexed(),6354,2,4236,
3783,MobileBasePass,vkCmdDrawIndexed(),11904,1,3968,
1175,MobileRenderPrePass,vkCmdDrawIndexed(),1836,6,3672,
2710,MobileBasePass,vkCmdDrawIndexed(),1836,6,3672,
1484,MobileRenderPrePass,vkCmdDrawIndexed(),10227,1,3409,
2791,MobileBasePass,vkCmdDrawIndexed(),10227,1,3409,
1887,MobileRenderPrePass,vkCmdDrawIndexed(),465,21,3255,
3624,MobileBasePass,vkCmdDrawIndexed(),465,21,3255,
1759,MobileRenderPrePass,vkCmdDrawIndexed(),8931,1,2977,
3433,MobileBasePass,vkCmdDrawIndexed(),8931,1,2977,
1926,MobileRenderPrePass,vkCmdDrawIndexed(),4464,2,2976,
3689,MobileBasePass,vkCmdDrawIndexed(),4464,2,2976,
1046,MobileRenderPrePass,vkCmdDrawIndexed(),8502,1,2834,
2514,MobileBasePass,vkCmdDrawIndexed(),8502,1,2834,
1705,MobileRenderPrePass,vkCmdDrawIndexed(),8490,1,2830,
3277,MobileBasePass,vkCmdDrawIndexed(),8490,1,2830,
914,MobileRenderPrePass,vkCmdDrawIndexed(),378,22,2772,
2651,MobileBasePass,vkCmdDrawIndexed(),378,22,2772,
861,MobileRenderPrePass,vkCmdDrawIndexed(),7488,1,2496,
2862,MobileBasePass,vkCmdDrawIndexed(),7488,1,2496,
1860,MobileRenderPrePass,vkCmdDrawIndexed(),1032,7,2408,
3598,MobileBasePass,vkCmdDrawIndexed(),1032,7,2408,
3829,Translucency,vkCmdDrawIndexed(),6912,1,2304,
1950,MobileRenderPrePass,vkCmdDrawIndexed(),6741,1,2247,
3713,MobileBasePass,vkCmdDrawIndexed(),6741,1,2247,
1057,MobileRenderPrePass,vkCmdDrawIndexed(),6489,1,2163,
3255,MobileBasePass,vkCmdDrawIndexed(),6489,1,2163,
1285,MobileRenderPrePass,vkCmdDrawIndexed(),1890,3,1890,
1216,MobileRenderPrePass,vkCmdDrawIndexed(),2733,2,1822,
3199,MobileBasePass,vkCmdDrawIndexed(),2733,2,1822,
1474,MobileRenderPrePass,vkCmdDrawIndexed(),5370,1,1790,
2602,MobileBasePass,vkCmdDrawIndexed(),5370,1,1790,
1652,MobileRenderPrePass,vkCmdDrawIndexed(),5214,1,1738,
3375,MobileBasePass,vkCmdDrawIndexed(),5214,1,1738,
1742,MobileRenderPrePass,vkCmdDrawIndexed(),5085,1,1695,
3386,MobileBasePass,vkCmdDrawIndexed(),5085,1,1695,
950,MobileRenderPrePass,vkCmdDrawIndexed(),300,16,1600,
2881,MobileBasePass,vkCmdDrawIndexed(),300,16,1600,
3546,MobileBasePass,vkCmdDrawIndexed(),2160,2,1440,
878,MobileRenderPrePass,vkCmdDrawIndexed(),267,15,1335,
3100,MobileBasePass,vkCmdDrawIndexed(),1890,2,1260,
1817,MobileRenderPrePass,vkCmdDrawIndexed(),912,4,1216,
3487,MobileBasePass,vkCmdDrawIndexed(),912,4,1216,
1944,MobileRenderPrePass,vkCmdDrawIndexed(),3540,1,1180,
3707,MobileBasePass,vkCmdDrawIndexed(),3540,1,1180,
1848,MobileRenderPrePass,vkCmdDrawIndexed(),1740,2,1160,
3586,MobileBasePass,vkCmdDrawIndexed(),1740,2,1160,
1842,MobileRenderPrePass,vkCmdDrawIndexed(),1158,3,1158,
3580,MobileBasePass,vkCmdDrawIndexed(),1158,3,1158,
2441,MobileBasePass,vkCmdDrawIndexed(),267,13,1157,
1479,MobileRenderPrePass,vkCmdDrawIndexed(),3393,1,1131,
2786,MobileBasePass,vkCmdDrawIndexed(),3393,1,1131,
770,ShadowDepthPass,vkCmdDrawIndexed(),3390,1,1130,
2059,Velocity,vkCmdDrawIndexed(),3390,1,1130,
2370,Mobile_PreOutline_Pass,vkCmdDrawIndexed(),3390,1,1130,
3560,MobileBasePass,vkCmdDrawIndexed(),3390,1,1130,
867,MobileRenderPrePass,vkCmdDrawIndexed(),3300,1,1100,
3135,MobileBasePass,vkCmdDrawIndexed(),3300,1,1100,
1694,MobileRenderPrePass,vkCmdDrawIndexed(),3294,1,1098,
3400,MobileBasePass,vkCmdDrawIndexed(),3294,1,1098,
1907,MobileRenderPrePass,vkCmdDrawIndexed(),1014,3,1014,
3670,MobileBasePass,vkCmdDrawIndexed(),1014,3,1014,
1854,MobileRenderPrePass,vkCmdDrawIndexed(),756,4,1008,
3592,MobileBasePass,vkCmdDrawIndexed(),756,4,1008,
1624,MobileRenderPrePass,vkCmdDrawIndexed(),2862,1,954,
2803,MobileBasePass,vkCmdDrawIndexed(),2862,1,954,
1591,MobileRenderPrePass,vkCmdDrawIndexed(),2778,1,926,
3020,MobileBasePass,vkCmdDrawIndexed(),2778,1,926,
1530,MobileRenderPrePass,vkCmdDrawIndexed(),2682,1,894,
3235,MobileBasePass,vkCmdDrawIndexed(),2682,1,894,
1805,MobileRenderPrePass,vkCmdDrawIndexed(),2670,1,890,
3480,MobileBasePass,vkCmdDrawIndexed(),2670,1,890,
1008,MobileRenderPrePass,vkCmdDrawIndexed(),798,3,798,
2669,MobileBasePass,vkCmdDrawIndexed(),798,3,798,
1596,MobileRenderPrePass,vkCmdDrawIndexed(),2325,1,775,
3345,MobileBasePass,vkCmdDrawIndexed(),2325,1,775,
3539,MobileBasePass,vkCmdDrawIndexed(),1128,2,752,
1496,MobileRenderPrePass,vkCmdDrawIndexed(),750,3,750,
3211,MobileBasePass,vkCmdDrawIndexed(),750,3,750,
784,ShadowDepthPass,vkCmdDrawIndexed(),2160,1,720,
2096,Velocity,vkCmdDrawIndexed(),2160,1,720,
1025,MobileRenderPrePass,vkCmdDrawIndexed(),2109,1,703,
2507,MobileBasePass,vkCmdDrawIndexed(),2109,1,703,
932,MobileRenderPrePass,vkCmdDrawIndexed(),1008,2,672,
3128,MobileBasePass,vkCmdDrawIndexed(),1008,2,672,
4699,CanvasBatchedElements,vkCmdDrawIndexed(),2016,1,672,
1233,MobileRenderPrePass,vkCmdDrawIndexed(),1992,1,664,
3061,MobileBasePass,vkCmdDrawIndexed(),1992,1,664,
990,MobileRenderPrePass,vkCmdDrawIndexed(),987,2,658,
3093,MobileBasePass,vkCmdDrawIndexed(),987,2,658,
2459,MobileBasePass,vkCmdDrawIndexed(),1890,1,630,
1452,MobileRenderPrePass,vkCmdDrawIndexed(),1659,1,553,
2834,MobileBasePass,vkCmdDrawIndexed(),1659,1,553,
1387,MobileRenderPrePass,vkCmdDrawIndexed(),822,2,548,
3141,MobileBasePass,vkCmdDrawIndexed(),822,2,548,
1437,MobileRenderPrePass,vkCmdDrawIndexed(),1548,1,516,
3325,MobileBasePass,vkCmdDrawIndexed(),1548,1,516,
1256,MobileRenderPrePass,vkCmdDrawIndexed(),504,3,504,
3073,MobileBasePass,vkCmdDrawIndexed(),504,3,504,
1035,MobileRenderPrePass,vkCmdDrawIndexed(),1452,1,484,
2681,MobileBasePass,vkCmdDrawIndexed(),1452,1,484,
1829,MobileRenderPrePass,vkCmdDrawIndexed(),1410,1,470,
3512,MobileBasePass,vkCmdDrawIndexed(),1410,1,470,
791,ShadowDepthPass,vkCmdDrawIndexed(),1404,1,468,
2052,Velocity,vkCmdDrawIndexed(),1404,1,468,
2383,Mobile_PreOutline_Pass,vkCmdDrawIndexed(),1404,1,468,
3573,MobileBasePass,vkCmdDrawIndexed(),1404,1,468,
1051,MobileRenderPrePass,vkCmdDrawIndexed(),1356,1,452,
2519,MobileBasePass,vkCmdDrawIndexed(),1356,1,452,
1536,MobileRenderPrePass,vkCmdDrawIndexed(),1278,1,426,
3180,MobileBasePass,vkCmdDrawIndexed(),1278,1,426,
896,MobileRenderPrePass,vkCmdDrawIndexed(),246,5,410,
2997,MobileBasePass,vkCmdDrawIndexed(),246,5,410,
1303,MobileRenderPrePass,vkCmdDrawIndexed(),1158,1,386,
2921,MobileBasePass,vkCmdDrawIndexed(),1158,1,386,
1365,MobileRenderPrePass,vkCmdDrawIndexed(),1140,1,380,
3168,MobileBasePass,vkCmdDrawIndexed(),1140,1,380,
750,ShadowDepthPass,vkCmdDrawIndexed(),1128,1,376,
2080,Velocity,vkCmdDrawIndexed(),1128,1,376,
2390,Mobile_PreOutline_Pass,vkCmdDrawIndexed(),1128,1,376,
1548,MobileRenderPrePass,vkCmdDrawIndexed(),1122,1,374,
3186,MobileBasePass,vkCmdDrawIndexed(),1122,1,374,
1398,MobileRenderPrePass,vkCmdDrawIndexed(),1104,1,368,
2590,MobileBasePass,vkCmdDrawIndexed(),1104,1,368,
890,MobileRenderPrePass,vkCmdDrawIndexed(),267,4,356,
1371,MobileRenderPrePass,vkCmdDrawIndexed(),1068,1,356,
2447,MobileBasePass,vkCmdDrawIndexed(),267,4,356,
2937,MobileBasePass,vkCmdDrawIndexed(),1068,1,356,
1291,MobileRenderPrePass,vkCmdDrawIndexed(),528,2,352,
2745,MobileBasePass,vkCmdDrawIndexed(),528,2,352,
1542,MobileRenderPrePass,vkCmdDrawIndexed(),1047,1,349,
3318,MobileBasePass,vkCmdDrawIndexed(),1047,1,349,
1331,MobileRenderPrePass,vkCmdDrawIndexed(),1044,1,348,
2757,MobileBasePass,vkCmdDrawIndexed(),1044,1,348,
1991,MobileRenderPrePass,vkCmdDrawIndexed(),1002,1,334,
3754,MobileBasePass,vkCmdDrawIndexed(),1002,1,334,
962,MobileRenderPrePass,vkCmdDrawIndexed(),990,1,330,
1110,MobileRenderPrePass,vkCmdDrawIndexed(),990,1,330,
2473,MobileBasePass,vkCmdDrawIndexed(),990,1,330,
2531,MobileBasePass,vkCmdDrawIndexed(),990,1,330,
1559,MobileRenderPrePass,vkCmdDrawIndexed(),981,1,327,
2850,MobileBasePass,vkCmdDrawIndexed(),981,1,327,
1251,MobileRenderPrePass,vkCmdDrawIndexed(),306,3,306,
3068,MobileBasePass,vkCmdDrawIndexed(),306,3,306,
1381,MobileRenderPrePass,vkCmdDrawIndexed(),915,1,305,
2947,MobileBasePass,vkCmdDrawIndexed(),915,1,305,
1020,MobileRenderPrePass,vkCmdDrawIndexed(),891,1,297,
2494,MobileBasePass,vkCmdDrawIndexed(),891,1,297,
884,MobileRenderPrePass,vkCmdDrawIndexed(),432,2,288,
2427,MobileBasePass,vkCmdDrawIndexed(),432,2,288,
1140,MobileRenderPrePass,vkCmdDrawIndexed(),840,1,280,
2571,MobileBasePass,vkCmdDrawIndexed(),840,1,280,
1508,MobileRenderPrePass,vkCmdDrawIndexed(),834,1,278,
3223,MobileBasePass,vkCmdDrawIndexed(),834,1,278,
1468,MobileRenderPrePass,vkCmdDrawIndexed(),828,1,276,
2780,MobileBasePass,vkCmdDrawIndexed(),828,1,276,
1580,MobileRenderPrePass,vkCmdDrawIndexed(),822,1,274,
3338,MobileBasePass,vkCmdDrawIndexed(),822,1,274,
1979,MobileRenderPrePass,vkCmdDrawIndexed(),756,1,252,
3742,MobileBasePass,vkCmdDrawIndexed(),756,1,252,
1002,MobileRenderPrePass,vkCmdDrawIndexed(),360,2,240,
2663,MobileBasePass,vkCmdDrawIndexed(),360,2,240,
1657,MobileRenderPrePass,vkCmdDrawIndexed(),714,1,238,
3380,MobileBasePass,vkCmdDrawIndexed(),714,1,238,
1181,MobileRenderPrePass,vkCmdDrawIndexed(),705,1,235,
2716,MobileBasePass,vkCmdDrawIndexed(),705,1,235,
1105,MobileRenderPrePass,vkCmdDrawIndexed(),666,1,222,
2526,MobileBasePass,vkCmdDrawIndexed(),666,1,222,
1187,MobileRenderPrePass,vkCmdDrawIndexed(),324,2,216,
2816,MobileBasePass,vkCmdDrawIndexed(),324,2,216,
757,ShadowDepthPass,vkCmdDrawIndexed(),642,1,214,
2116,Velocity,vkCmdDrawIndexed(),642,1,214,
2363,Mobile_PreOutline_Pass,vkCmdDrawIndexed(),642,1,214,
3532,MobileBasePass,vkCmdDrawIndexed(),642,1,214,
1130,MobileRenderPrePass,vkCmdDrawIndexed(),600,1,200,
2557,MobileBasePass,vkCmdDrawIndexed(),600,1,200,
1525,MobileRenderPrePass,vkCmdDrawIndexed(),591,1,197,
3230,MobileBasePass,vkCmdDrawIndexed(),591,1,197,
1308,MobileRenderPrePass,vkCmdDrawIndexed(),588,1,196,
2926,MobileBasePass,vkCmdDrawIndexed(),588,1,196,
1420,MobileRenderPrePass,vkCmdDrawIndexed(),576,1,192,
2774,MobileBasePass,vkCmdDrawIndexed(),576,1,192,
1146,MobileRenderPrePass,vkCmdDrawIndexed(),564,1,188,
2687,MobileBasePass,vkCmdDrawIndexed(),564,1,188,
1353,MobileRenderPrePass,vkCmdDrawIndexed(),555,1,185,
3121,MobileBasePass,vkCmdDrawIndexed(),555,1,185,
1325,MobileRenderPrePass,vkCmdDrawIndexed(),552,1,184,
2751,MobileBasePass,vkCmdDrawIndexed(),552,1,184,
4559,ElementBatch,vkCmdDrawIndexed(),552,1,184,
1432,MobileRenderPrePass,vkCmdDrawIndexed(),537,1,179,
2953,MobileBasePass,vkCmdDrawIndexed(),537,1,179,
2453,MobileBasePass,vkCmdDrawIndexed(),267,2,178,
1084,MobileRenderPrePass,vkCmdDrawIndexed(),498,1,166,
2900,MobileBasePass,vkCmdDrawIndexed(),498,1,166,
1297,MobileRenderPrePass,vkCmdDrawIndexed(),240,2,160,
2822,MobileBasePass,vkCmdDrawIndexed(),240,2,160,
968,MobileRenderPrePass,vkCmdDrawIndexed(),474,1,158,
1811,MobileRenderPrePass,vkCmdDrawIndexed(),474,1,158,
2480,MobileBasePass,vkCmdDrawIndexed(),474,1,158,
3500,MobileBasePass,vkCmdDrawIndexed(),474,1,158,
1115,MobileRenderPrePass,vkCmdDrawIndexed(),471,1,157,
2536,MobileBasePass,vkCmdDrawIndexed(),471,1,157,
1736,MobileRenderPrePass,vkCmdDrawIndexed(),456,1,152,
2809,MobileBasePass,vkCmdDrawIndexed(),456,1,152,
938,MobileRenderPrePass,vkCmdDrawIndexed(),450,1,150,
2466,MobileBasePass,vkCmdDrawIndexed(),450,1,150,
1612,MobileRenderPrePass,vkCmdDrawIndexed(),432,1,144,
1823,MobileRenderPrePass,vkCmdDrawIndexed(),432,1,144,
3362,MobileBasePass,vkCmdDrawIndexed(),432,1,144,
3506,MobileBasePass,vkCmdDrawIndexed(),432,1,144,
1502,MobileRenderPrePass,vkCmdDrawIndexed(),429,1,143,
3217,MobileBasePass,vkCmdDrawIndexed(),429,1,143,
1963,MobileRenderPrePass,vkCmdDrawIndexed(),390,1,130,
3726,MobileBasePass,vkCmdDrawIndexed(),390,1,130,
1880,MobileRenderPrePass,vkCmdDrawIndexed(),384,1,128,
3617,MobileBasePass,vkCmdDrawIndexed(),384,1,128,
1646,MobileRenderPrePass,vkCmdDrawIndexed(),378,1,126,
3368,MobileBasePass,vkCmdDrawIndexed(),378,1,126,
1274,MobileRenderPrePass,vkCmdDrawIndexed(),366,1,122,
3107,MobileBasePass,vkCmdDrawIndexed(),366,1,122,
1601,MobileRenderPrePass,vkCmdDrawIndexed(),339,1,113,
3350,MobileBasePass,vkCmdDrawIndexed(),339,1,113,
1447,MobileRenderPrePass,vkCmdDrawIndexed(),336,1,112,
2005,MobileRenderPrePass,vkCmdDrawIndexed(),336,1,112,
2963,MobileBasePass,vkCmdDrawIndexed(),336,1,112,
3768,MobileBasePass,vkCmdDrawIndexed(),336,1,112,
1341,MobileRenderPrePass,vkCmdDrawIndexed(),330,1,110,
3079,MobileBasePass,vkCmdDrawIndexed(),330,1,110,
1262,MobileRenderPrePass,vkCmdDrawIndexed(),312,1,104,
2644,MobileBasePass,vkCmdDrawIndexed(),312,1,104,
723,MMHRenderShadowDepths(Non-Nanite),"vkCmdDrawIndexedIndirect(1) => <75, 4>",75,4,100,是
1490,MobileRenderPrePass,vkCmdDrawIndexed(),300,1,100,
3174,MobileBasePass,vkCmdDrawIndexed(),300,1,100,
1404,MobileRenderPrePass,vkCmdDrawIndexed(),282,1,94,
1699,MobileRenderPrePass,vkCmdDrawIndexed(),282,1,94,
1957,MobileRenderPrePass,vkCmdDrawIndexed(),282,1,94,
2763,MobileBasePass,vkCmdDrawIndexed(),282,1,94,
3407,MobileBasePass,vkCmdDrawIndexed(),282,1,94,
3720,MobileBasePass,vkCmdDrawIndexed(),282,1,94,
872,MobileRenderPrePass,vkCmdDrawIndexed(),276,1,92,
3148,MobileBasePass,vkCmdDrawIndexed(),276,1,92,
4551,ElementBatch,vkCmdDrawIndexed(),276,1,92,
1062,MobileRenderPrePass,vkCmdDrawIndexed(),264,1,88,
3260,MobileBasePass,vkCmdDrawIndexed(),264,1,88,
1442,MobileRenderPrePass,vkCmdDrawIndexed(),258,1,86,
1564,MobileRenderPrePass,vkCmdDrawIndexed(),258,1,86,
2958,MobileBasePass,vkCmdDrawIndexed(),258,1,86,
3331,MobileBasePass,vkCmdDrawIndexed(),258,1,86,
920,MobileRenderPrePass,vkCmdDrawIndexed(),252,1,84,
3003,MobileBasePass,vkCmdDrawIndexed(),252,1,84,
1359,MobileRenderPrePass,vkCmdDrawIndexed(),240,1,80,
2828,MobileBasePass,vkCmdDrawIndexed(),240,1,80,
1193,MobileRenderPrePass,vkCmdDrawIndexed(),234,1,78,
1630,MobileRenderPrePass,vkCmdDrawIndexed(),234,1,78,
2722,MobileBasePass,vkCmdDrawIndexed(),234,1,78,
2980,MobileBasePass,vkCmdDrawIndexed(),234,1,78,
1376,MobileRenderPrePass,vkCmdDrawIndexed(),228,1,76,
2942,MobileBasePass,vkCmdDrawIndexed(),228,1,76,
1715,MobileRenderPrePass,vkCmdDrawIndexed(),213,1,71,
3287,MobileBasePass,vkCmdDrawIndexed(),213,1,71,
4531,ElementBatch,vkCmdDrawIndexed(),210,1,70,
4686,ElementBatch,vkCmdDrawIndexed(),210,1,70,
1120,MobileRenderPrePass,vkCmdDrawIndexed(),207,1,69,
2543,MobileBasePass,vkCmdDrawIndexed(),207,1,69,
1673,MobileRenderPrePass,vkCmdDrawIndexed(),204,1,68,
3305,MobileBasePass,vkCmdDrawIndexed(),204,1,68,
1554,MobileRenderPrePass,vkCmdDrawIndexed(),201,1,67,
2969,MobileBasePass,vkCmdDrawIndexed(),201,1,67,
1152,MobileRenderPrePass,vkCmdDrawIndexed(),195,1,65,
2693,MobileBasePass,vkCmdDrawIndexed(),195,1,65,
4374,ElementBatch,vkCmdDrawIndexed(),186,1,62,
1067,MobileRenderPrePass,vkCmdDrawIndexed(),183,1,61,
3294,MobileBasePass,vkCmdDrawIndexed(),183,1,61,
1157,MobileRenderPrePass,vkCmdDrawIndexed(),180,1,60,
1163,MobileRenderPrePass,vkCmdDrawIndexed(),90,2,60,
1720,MobileRenderPrePass,vkCmdDrawIndexed(),180,1,60,
1900,MobileRenderPrePass,vkCmdDrawIndexed(),180,1,60,
2584,MobileBasePass,vkCmdDrawIndexed(),90,2,60,
2698,MobileBasePass,vkCmdDrawIndexed(),180,1,60,
3311,MobileBasePass,vkCmdDrawIndexed(),180,1,60,
3656,MobileBasePass,vkCmdDrawIndexed(),180,1,60,
1606,MobileRenderPrePass,vkCmdDrawIndexed(),174,1,58,
1873,MobileRenderPrePass,vkCmdDrawIndexed(),174,1,58,
1894,MobileRenderPrePass,vkCmdDrawIndexed(),174,1,58,
3355,MobileBasePass,vkCmdDrawIndexed(),174,1,58,
3611,MobileBasePass,vkCmdDrawIndexed(),174,1,58,
3650,MobileBasePass,vkCmdDrawIndexed(),174,1,58,
1204,MobileRenderPrePass,vkCmdDrawIndexed(),84,2,56,
1409,MobileRenderPrePass,vkCmdDrawIndexed(),168,1,56,
2596,MobileBasePass,vkCmdDrawIndexed(),168,1,56,
2733,MobileBasePass,vkCmdDrawIndexed(),84,2,56,
4370,ElementBatch,vkCmdDrawIndexed(),162,1,54,
1663,MobileRenderPrePass,vkCmdDrawIndexed(),144,1,48,
1678,MobileRenderPrePass,vkCmdDrawIndexed(),144,1,48,
1867,MobileRenderPrePass,vkCmdDrawIndexed(),144,1,48,
3161,MobileBasePass,vkCmdDrawIndexed(),144,1,48,
3271,MobileBasePass,vkCmdDrawIndexed(),144,1,48,
3605,MobileBasePass,vkCmdDrawIndexed(),144,1,48,
1683,MobileRenderPrePass,vkCmdDrawIndexed(),141,1,47,
1710,MobileRenderPrePass,vkCmdDrawIndexed(),141,1,47,
3282,MobileBasePass,vkCmdDrawIndexed(),141,1,47,
3393,MobileBasePass,vkCmdDrawIndexed(),141,1,47,
1973,MobileRenderPrePass,vkCmdDrawIndexed(),138,1,46,
3736,MobileBasePass,vkCmdDrawIndexed(),138,1,46,
1618,MobileRenderPrePass,vkCmdDrawIndexed(),132,1,44,
3248,MobileBasePass,vkCmdDrawIndexed(),132,1,44,
1640,MobileRenderPrePass,vkCmdDrawIndexed(),126,1,42,
2990,MobileBasePass,vkCmdDrawIndexed(),126,1,42,
1014,MobileRenderPrePass,vkCmdDrawIndexed(),60,2,40,
1030,MobileRenderPrePass,vkCmdDrawIndexed(),120,1,40,
1574,MobileRenderPrePass,vkCmdDrawIndexed(),120,1,40,
2434,MobileBasePass,vkCmdDrawIndexed(),120,1,40,
2675,MobileBasePass,vkCmdDrawIndexed(),60,2,40,
2974,MobileBasePass,vkCmdDrawIndexed(),120,1,40,
1239,MobileRenderPrePass,vkCmdDrawIndexed(),117,1,39,
3054,MobileBasePass,vkCmdDrawIndexed(),117,1,39,
1313,MobileRenderPrePass,vkCmdDrawIndexed(),111,1,37,
2931,MobileBasePass,vkCmdDrawIndexed(),111,1,37,
1414,MobileRenderPrePass,vkCmdDrawIndexed(),108,1,36,
1586,MobileRenderPrePass,vkCmdDrawIndexed(),108,1,36,
2012,MobileRenderPrePass,vkCmdDrawIndexed(),108,1,36,
2768,MobileBasePass,vkCmdDrawIndexed(),108,1,36,
3015,MobileBasePass,vkCmdDrawIndexed(),108,1,36,
3775,MobileBasePass,vkCmdDrawIndexed(),108,1,36,
1125,MobileRenderPrePass,vkCmdDrawIndexed(),105,1,35,
2550,MobileBasePass,vkCmdDrawIndexed(),105,1,35,
996,MobileRenderPrePass,vkCmdDrawIndexed(),102,1,34,
2487,MobileBasePass,vkCmdDrawIndexed(),102,1,34,
1135,MobileRenderPrePass,vkCmdDrawIndexed(),99,1,33,
2564,MobileBasePass,vkCmdDrawIndexed(),99,1,33,
1078,MobileRenderPrePass,vkCmdDrawIndexed(),90,1,30,
1688,MobileRenderPrePass,vkCmdDrawIndexed(),90,1,30,
2614,MobileBasePass,vkCmdDrawIndexed(),90,1,30,
2894,MobileBasePass,vkCmdDrawIndexed(),90,1,30,
1668,MobileRenderPrePass,vkCmdDrawIndexed(),87,1,29,
3300,MobileBasePass,vkCmdDrawIndexed(),87,1,29,
1099,MobileRenderPrePass,vkCmdDrawIndexed(),84,1,28,
1268,MobileRenderPrePass,vkCmdDrawIndexed(),84,1,28,
1514,MobileRenderPrePass,vkCmdDrawIndexed(),84,1,28,
2038,Velocity,vkCmdDrawIndexed(),6,14,28,
2739,MobileBasePass,vkCmdDrawIndexed(),84,1,28,
2797,MobileBasePass,vkCmdDrawIndexed(),84,1,28,
2915,MobileBasePass,vkCmdDrawIndexed(),84,1,28,
3631,MobileBasePass,vkCmdDrawIndexed(),6,14,28,
4543,ElementBatch,vkCmdDrawIndexed(),84,1,28,
4690,ElementBatch,vkCmdDrawIndexed(),78,1,26,
1968,MobileRenderPrePass,vkCmdDrawIndexed(),75,1,25,
2072,Velocity,vkCmdDrawIndexed(),75,1,25,
2632,MobileBasePass,vkCmdDrawIndexed(),75,1,25,
3731,MobileBasePass,vkCmdDrawIndexed(),75,1,25,
1227,MobileRenderPrePass,vkCmdDrawIndexed(),72,1,24,
2638,MobileBasePass,vkCmdDrawIndexed(),72,1,24,
4555,ElementBatch,vkCmdDrawIndexed(),72,1,24,
2032,Velocity,vkCmdDrawIndexed(),6,11,22,
3643,MobileBasePass,vkCmdDrawIndexed(),6,11,22,
926,MobileRenderPrePass,vkCmdDrawIndexed(),60,1,20,
1169,MobileRenderPrePass,vkCmdDrawIndexed(),60,1,20,
2704,MobileBasePass,vkCmdDrawIndexed(),60,1,20,
3009,MobileBasePass,vkCmdDrawIndexed(),60,1,20,
4535,ElementBatch,vkCmdDrawIndexed(),60,1,20,
1569,MobileRenderPrePass,vkCmdDrawIndexed(),54,1,18,
2855,MobileBasePass,vkCmdDrawIndexed(),54,1,18,
4365,ElementBatch,vkCmdDrawIndexed(),54,1,18,
4455,ElementBatch,vkCmdDrawIndexed(),54,1,18,
4460,ElementBatch,vkCmdDrawIndexed(),54,1,18,
4465,ElementBatch,vkCmdDrawIndexed(),54,1,18,
4470,ElementBatch,vkCmdDrawIndexed(),54,1,18,
4482,ElementBatch,vkCmdDrawIndexed(),54,1,18,
4496,ElementBatch,vkCmdDrawIndexed(),54,1,18,
4502,ElementBatch,vkCmdDrawIndexed(),54,1,18,
4630,ElementBatch,vkCmdDrawIndexed(),54,1,18,
4641,ElementBatch,vkCmdDrawIndexed(),54,1,18,
1392,MobileRenderPrePass,vkCmdDrawIndexed(),24,2,16,
3154,MobileBasePass,vkCmdDrawIndexed(),24,2,16,
4437,ElementBatch,vkCmdDrawIndexed(),48,1,16,
4441,ElementBatch,vkCmdDrawIndexed(),48,1,16,
1319,MobileRenderPrePass,vkCmdDrawIndexed(),42,1,14,
1519,MobileRenderPrePass,vkCmdDrawIndexed(),42,1,14,
1984,MobileRenderPrePass,vkCmdDrawIndexed(),42,1,14,
2500,MobileBasePass,vkCmdDrawIndexed(),42,1,14,
2608,MobileBasePass,vkCmdDrawIndexed(),42,1,14,
3747,MobileBasePass,vkCmdDrawIndexed(),42,1,14,
1457,MobileRenderPrePass,vkCmdDrawIndexed(),39,1,13,
2839,MobileBasePass,vkCmdDrawIndexed(),39,1,13,
902,MobileRenderPrePass,vkCmdDrawIndexed(),36,1,12,
1089,MobileRenderPrePass,vkCmdDrawIndexed(),36,1,12,
1094,MobileRenderPrePass,vkCmdDrawIndexed(),36,1,12,
2310,PerObject BP_GameCharacter_C_2147465690,vkCmdDrawIndexed(),36,1,12,
2420,MobileBasePass,vkCmdDrawIndexed(),36,1,12,
2905,MobileBasePass,vkCmdDrawIndexed(),36,1,12,
2910,MobileBasePass,vkCmdDrawIndexed(),36,1,12,
3815,Translucency,vkCmdDrawIndexed(),36,1,12,
984,MobileRenderPrePass,vkCmdDrawIndexed(),6,5,10,
1198,MobileRenderPrePass,vkCmdDrawIndexed(),30,1,10,
1279,MobileRenderPrePass,vkCmdDrawIndexed(),30,1,10,
1998,MobileRenderPrePass,vkCmdDrawIndexed(),30,1,10,
2026,Velocity,vkCmdDrawIndexed(),6,5,10,
2727,MobileBasePass,vkCmdDrawIndexed(),30,1,10,
3086,MobileBasePass,vkCmdDrawIndexed(),6,5,10,
3114,MobileBasePass,vkCmdDrawIndexed(),30,1,10,
3637,MobileBasePass,vkCmdDrawIndexed(),6,5,10,
3761,MobileBasePass,vkCmdDrawIndexed(),30,1,10,
3822,Translucency,vkCmdDrawIndexed(),30,1,10,
4547,ElementBatch,vkCmdDrawIndexed(),30,1,10,
1040,MobileRenderPrePass,vkCmdDrawIndexed(),24,1,8,
1462,MobileRenderPrePass,vkCmdDrawIndexed(),24,1,8,
1725,MobileRenderPrePass,vkCmdDrawIndexed(),24,1,8,
2578,MobileBasePass,vkCmdDrawIndexed(),24,1,8,
2844,MobileBasePass,vkCmdDrawIndexed(),24,1,8,
3414,MobileBasePass,vkCmdDrawIndexed(),24,1,8,
4378,ElementBatch,vkCmdDrawIndexed(),24,1,8,
4427,ElementBatch,vkCmdDrawIndexed(),24,1,8,
4601,ElementBatch,vkCmdDrawIndexed(),24,1,8,
4605,ElementBatch,vkCmdDrawIndexed(),24,1,8,
1730,MobileRenderPrePass,vkCmdDrawIndexed(),21,1,7,
2620,MobileBasePass,vkCmdDrawIndexed(),21,1,7,
1222,MobileRenderPrePass,vkCmdDrawIndexed(),18,1,6,
1245,MobileRenderPrePass,vkCmdDrawIndexed(),6,3,6,
3027,MobileBasePass,vkCmdDrawIndexed(),6,3,6,
3034,MobileBasePass,vkCmdDrawIndexed(),18,1,6,
4413,ElementBatch,vkCmdDrawIndexed(),18,1,6,
973,MobileRenderPrePass,vkCmdDrawIndexed(),12,1,4,
978,MobileRenderPrePass,vkCmdDrawIndexed(),12,1,4,
1336,MobileRenderPrePass,vkCmdDrawIndexed(),12,1,4,
1635,MobileRenderPrePass,vkCmdDrawIndexed(),12,1,4,
2088,Velocity,vkCmdDrawIndexed(),6,2,4,
2657,MobileBasePass,vkCmdDrawIndexed(),12,1,4,
2985,MobileBasePass,vkCmdDrawIndexed(),12,1,4,
3041,MobileBasePass,vkCmdDrawIndexed(),12,1,4,
3047,MobileBasePass,vkCmdDrawIndexed(),12,1,4,
3663,MobileBasePass,vkCmdDrawIndexed(),6,2,4,
4344,ElementBatch,vkCmdDrawIndexed(),12,1,4,
4432,ElementBatch,vkCmdDrawIndexed(),12,1,4,
4487,ElementBatch,vkCmdDrawIndexed(),12,1,4,
4491,ElementBatch,vkCmdDrawIndexed(),12,1,4,
4654,ElementBatch,vkCmdDrawIndexed(),12,1,4,
4664,ElementBatch,vkCmdDrawIndexed(),12,1,4,
1072,MobileRenderPrePass,vkCmdDrawIndexed(),9,1,3,
3265,MobileBasePass,vkCmdDrawIndexed(),9,1,3,
3796,MP_Map_1.BP_ParentCommonEnvLight1_Cloud,vkCmdDrawIndexed(),6,1,2,
3808,Translucency,vkCmdDrawIndexed(),6,1,2,
3836,Translucency,vkCmdDrawIndexed(),6,1,2,
4275,ElementBatch,vkCmdDrawIndexed(),6,1,2,
4279,ElementBatch,vkCmdDrawIndexed(),6,1,2,
4283,ElementBatch,vkCmdDrawIndexed(),6,1,2,
4287,ElementBatch,vkCmdDrawIndexed(),6,1,2,
4291,ElementBatch,vkCmdDrawIndexed(),6,1,2,
4295,ElementBatch,vkCmdDrawIndexed(),6,1,2,
4299,ElementBatch,vkCmdDrawIndexed(),6,1,2,
4303,ElementBatch,vkCmdDrawIndexed(),6,1,2,
4307,ElementBatch,vkCmdDrawIndexed(),6,1,2,
4311,ElementBatch,vkCmdDrawIndexed(),6,1,2,
4315,ElementBatch,vkCmdDrawIndexed(),6,1,2,
4319,ElementBatch,vkCmdDrawIndexed(),6,1,2,
4323,ElementBatch,vkCmdDrawIndexed(),6,1,2,
4327,ElementBatch,vkCmdDrawIndexed(),6,1,2,
4331,ElementBatch,vkCmdDrawIndexed(),6,1,2,
4335,ElementBatch,vkCmdDrawIndexed(),6,1,2,
4339,ElementBatch,vkCmdDrawIndexed(),6,1,2,
4349,ElementBatch,vkCmdDrawIndexed(),6,1,2,
4353,ElementBatch,vkCmdDrawIndexed(),6,1,2,
4357,ElementBatch,vkCmdDrawIndexed(),6,1,2,
4361,ElementBatch,vkCmdDrawIndexed(),6,1,2,
4383,ElementBatch,vkCmdDrawIndexed(),6,1,2,
4388,ElementBatch,vkCmdDrawIndexed(),6,1,2,
4393,ElementBatch,vkCmdDrawIndexed(),6,1,2,
4398,ElementBatch,vkCmdDrawIndexed(),6,1,2,
4403,ElementBatch,vkCmdDrawIndexed(),6,1,2,
4408,ElementBatch,vkCmdDrawIndexed(),6,1,2,
4418,ElementBatch,vkCmdDrawIndexed(),6,1,2,
4422,ElementBatch,vkCmdDrawIndexed(),6,1,2,
4446,ElementBatch,vkCmdDrawIndexed(),6,1,2,
4451,ElementBatch,vkCmdDrawIndexed(),6,1,2,
4476,ElementBatch,vkCmdDrawIndexed(),6,1,2,
4507,ElementBatch,vkCmdDrawIndexed(),6,1,2,
4512,ElementBatch,vkCmdDrawIndexed(),6,1,2,
4517,ElementBatch,vkCmdDrawIndexed(),6,1,2,
4521,ElementBatch,vkCmdDrawIndexed(),6,1,2,
4526,ElementBatch,vkCmdDrawIndexed(),6,1,2,
4539,ElementBatch,vkCmdDrawIndexed(),6,1,2,
4564,ElementBatch,vkCmdDrawIndexed(),6,1,2,
4568,ElementBatch,vkCmdDrawIndexed(),6,1,2,
4572,ElementBatch,vkCmdDrawIndexed(),6,1,2,
4577,ElementBatch,vkCmdDrawIndexed(),6,1,2,
4582,ElementBatch,vkCmdDrawIndexed(),6,1,2,
4586,ElementBatch,vkCmdDrawIndexed(),6,1,2,
4591,ElementBatch,vkCmdDrawIndexed(),6,1,2,
4596,ElementBatch,vkCmdDrawIndexed(),6,1,2,
4610,ElementBatch,vkCmdDrawIndexed(),6,1,2,
4615,ElementBatch,vkCmdDrawIndexed(),6,1,2,
4620,ElementBatch,vkCmdDrawIndexed(),6,1,2,
4624,ElementBatch,vkCmdDrawIndexed(),6,1,2,
4636,ElementBatch,vkCmdDrawIndexed(),6,1,2,
4645,ElementBatch,vkCmdDrawIndexed(),6,1,2,
4649,ElementBatch,vkCmdDrawIndexed(),6,1,2,
4659,ElementBatch,vkCmdDrawIndexed(),6,1,2,
4669,ElementBatch,vkCmdDrawIndexed(),6,1,2,
4674,ElementBatch,vkCmdDrawIndexed(),6,1,2,
4680,ElementBatch,vkCmdDrawIndexed(),6,1,2,
2177,DownsampleHZB(mip=0) 512x256,vkCmdDrawIndexed(),3,1,1,
2188,DownsampleHZB(mip=1) 256x128,vkCmdDrawIndexed(),3,1,1,
2199,DownsampleHZB(mip=2) 128x64,vkCmdDrawIndexed(),3,1,1,
2210,DownsampleHZB(mip=3) 64x32,vkCmdDrawIndexed(),3,1,1,
2221,DownsampleHZB(mip=4) 32x16,vkCmdDrawIndexed(),3,1,1,
2232,DownsampleHZB(mip=5) 16x8,vkCmdDrawIndexed(),3,1,1,
2243,DownsampleHZB(mip=6) 8x4,vkCmdDrawIndexed(),3,1,1,
2254,DownsampleHZB(mip=7) 4x2,vkCmdDrawIndexed(),3,1,1,
2265,DownsampleHZB(mip=8) 2x1,vkCmdDrawIndexed(),3,1,1,
2279,AmbientOcclusion_HorizonSearchIntegral 507x252 (PS),vkCmdDrawIndexed(),3,1,1,
2289,AmbientOcclusion_SpatialFilter 507x252 (PS),vkCmdDrawIndexed(),3,1,1,
2324,MMH::ShadowMapProjection,vkCmdDrawIndexed(),3,1,1,
2402,MobileToonOutlinePass,vkCmdDrawIndexed(),3,1,1,
3852,DownsampleHZB(mip=0) 512x256,vkCmdDrawIndexed(),3,1,1,
3863,DownsampleHZB(mip=1) 256x128,vkCmdDrawIndexed(),3,1,1,
3874,DownsampleHZB(mip=2) 128x64,vkCmdDrawIndexed(),3,1,1,
3885,DownsampleHZB(mip=3) 64x32,vkCmdDrawIndexed(),3,1,1,
3896,DownsampleHZB(mip=4) 32x16,vkCmdDrawIndexed(),3,1,1,
3907,DownsampleHZB(mip=5) 16x8,vkCmdDrawIndexed(),3,1,1,
3918,DownsampleHZB(mip=6) 8x4,vkCmdDrawIndexed(),3,1,1,
3929,DownsampleHZB(mip=7) 4x2,vkCmdDrawIndexed(),3,1,1,
3940,DownsampleHZB(mip=8) 2x1,vkCmdDrawIndexed(),3,1,1,
3980,BloomSetup 254x126 (PS),vkCmdDrawIndexed(),3,1,1,
3992,BloomDown 127x63 (PS),vkCmdDrawIndexed(),3,1,1,
4003,BloomDown 64x32 (PS),vkCmdDrawIndexed(),3,1,1,
4014,BloomDown 32x16 (PS),vkCmdDrawIndexed(),3,1,1,
4025,BloomDown 16x8 (PS),vkCmdDrawIndexed(),3,1,1,
4037,BloomUp 32x16 (PS),vkCmdDrawIndexed(),3,1,1,
4048,BloomUp 64x32 (PS),vkCmdDrawIndexed(),3,1,1,
4059,BloomUp 127x63 (PS),vkCmdDrawIndexed(),3,1,1,
4092,SunMerge 254x126 (PS),vkCmdDrawIndexed(),3,1,1,
4105,TAA(Main Quality=High) 1014x504 -> 1014x504,vkCmdDrawIndexed(),3,1,1,
4116,Tonemap 1014x504 (PS GammaOnly=0),vkCmdDrawIndexed(),3,1,1,
4129,Upscale(PrimaryToOutput Method=1) -1944829244x1014 -> 504x1448,vkCmdDrawIndexed(),3,1,1,
4145,DownsampleHZB(mip=0) 512x256,vkCmdDrawIndexed(),3,1,1,
4156,DownsampleHZB(mip=1) 256x128,vkCmdDrawIndexed(),3,1,1,
4167,DownsampleHZB(mip=2) 128x64,vkCmdDrawIndexed(),3,1,1,
4178,DownsampleHZB(mip=3) 64x32,vkCmdDrawIndexed(),3,1,1,
4189,DownsampleHZB(mip=4) 32x16,vkCmdDrawIndexed(),3,1,1,
4200,DownsampleHZB(mip=5) 16x8,vkCmdDrawIndexed(),3,1,1,
4211,DownsampleHZB(mip=6) 8x4,vkCmdDrawIndexed(),3,1,1,
4222,DownsampleHZB(mip=7) 4x2,vkCmdDrawIndexed(),3,1,1,
4233,DownsampleHZB(mip=8) 2x1,vkCmdDrawIndexed(),3,1,1,
4734,CopyImageToBackBuffer,vkCmdDraw(),4,1,1,
